code,name,short_name,employment_legal_10k,female_legal_10k,employment_individual_10k,female_individual_10k,wage_nonprivate_2025,wage_nonprivate_2024,growth_nonprivate,wage_private_2025,wage_private_2024,growth_private,ai_exposure,ai_rationale
A,农、林、牧、渔业（专业及辅助性活动）,农林牧渔辅助,133.5,45.9,207.7,72.1,,,,,,,2,核心工作依赖现场操作和自然环境。数字 AI 可协助记录与规划；这里仅包含经济普查中的专业及辅助性活动，不能代表全部农业就业。
B,采矿业,采矿业,469.8,73.2,6.8,0.9,143361,140706,1.9,79169,76010,4.2,2,采掘和现场安全工作以实体操作为主。AI 可辅助地质分析与设备监测，但数字任务只是行业工作的一部分。
C,制造业,制造业,10481.5,3959.0,1836.1,884.1,113594,107987,5.2,76055,71467,6.4,3,生产装配依赖设备和现场操作，数字 AI 更容易介入设计、质检与生产计划。不同制造细分行业差异很大，分数不包含工业机器人的全部影响。
D,电力、热力、燃气及水生产和供应业,电力与公用事业,478.2,124.8,29.6,6.5,160897,150285,7.1,66451,63574,4.5,3,运维与安全工作依赖实体基础设施。AI 可支持负荷预测和异常检测，但现场检修与责任判断仍占重要位置。
E,建筑业,建筑业,5117.2,990.1,961.8,194.7,92036,89519,2.8,66275,65494,1.2,2,施工依赖现场环境、体力与协调。设计、预算和项目文书可被 AI 辅助，不能把这些任务的暴露程度等同于整个行业。
F,批发和零售业,批发和零售业,5325.8,2373.3,8224.1,4186.0,135749,129658,4.7,69622,67059,3.8,5,线上商品内容、客服与经营分析的数字任务较多。线下陈列、仓储操作和面对面服务仍需现场人员，不同业态差异显著。
G,交通运输、仓储和邮政业,交通运输与物流,1582.7,420.2,1272.7,256.4,133981,127889,4.8,73133,67973,7.6,4,调度、路线规划和物流文书可被 AI 辅助。运输和搬运仍以实体活动为主，本分数不预测自动驾驶或机器人替代的进度。
H,住宿和餐饮业,住宿和餐饮业,894.2,506.4,2541.0,1412.2,62461,60240,3.7,55123,54042,2.0,3,烹饪、清洁与接待高度依赖现场服务。AI 可辅助预订、营销和排班，核心体验仍涉及人与实体环境。
I,信息传输、软件和信息技术服务业,信息与软件服务,1517.9,586.9,154.2,70.6,248752,238966,4.1,128166,123193,4.0,9,编程、文档、数据分析和数字产品生产与当前 AI 能力重合较多。通信基础设施运维的暴露程度较低；高分表示任务可能重塑，不预测岗位消失。
J,金融业,金融业,1248.4,691.8,,,211164,201883,4.6,140451,135339,3.8,8,金融行业包含大量信息处理、研究、报表与合规文书。AI 可辅助这些任务，但监管责任、信任关系与复杂决策构成约束。
K,房地产业,房地产业,1443.5,637.3,76.4,36.3,89679,91912,-2.4,53338,55979,-4.7,5,营销、估价分析和交易文书含数字任务；物业管理与实地带看含大量现场工作。本行业同时包含开发、物业、中介与租赁等活动。
L,租赁和商务服务业,租赁与商务服务,3906.6,1463.1,501.6,181.8,110162,110353,-0.2,68919,69214,-0.4,7,咨询、广告与行政支持有较多文本和分析任务。行业也包含保安、派遣与实体租赁，粗粒度分数不能反映每类工作。
M,科学研究和技术服务业,科研与技术服务,1700.3,609.2,111.7,41.2,182064,175425,3.8,83560,82387,1.4,7,研究、工程分析、设计与技术文档能得到 AI 辅助。实验操作、实地勘察和工程责任仍依赖专业人员，细分活动暴露程度不同。
N,水利、环境和公共设施管理业,水利与环境管理,485.5,200.5,52.0,23.0,70172,68315,2.7,49527,49007,1.1,3,设施维护、环境治理与现场巡检包含大量实体活动。AI 可支持监测分析与管理文书，现场实施仍需人员。
O,居民服务、修理和其他服务业,居民服务与修理,673.6,340.8,1497.4,787.6,70226,68159,3.0,52059,52139,-0.2,2,生活服务、维修与照护主要依赖动手操作和面对面互动。预约、营销和诊断信息可被 AI 辅助，难以代表核心现场工作。
P,教育,教育,2677.0,1779.9,77.1,49.5,133539,126185,5.8,63908,60719,5.3,6,备课、材料生成和部分评价任务可由 AI 辅助。教学关系、课堂组织、学生照护与教育责任仍依赖人，学段和岗位差异很大。
Q,卫生和社会工作,卫生和社会工作,1461.9,1003.1,132.8,72.5,146266,143173,2.2,75631,75287,0.5,5,病历、医学信息与影像分析可被 AI 辅助。护理、诊疗操作、沟通和法律责任包含大量现场与专业判断任务。
R,文化、体育和娱乐业,文化体育与娱乐,519.5,247.4,273.4,144.6,129447,126040,2.7,64015,61669,3.8,7,数字内容、文案与视听制作与 AI 能力重合较多。体育、演出和场馆服务依赖实体活动，行业内部差异大。
S,公共管理、社会保障和社会组织,公共管理与社会组织,2781.1,994.3,,,119465,114840,4.0,,,,6,行政文书、政策信息整理和服务咨询可得到 AI 辅助。公共决策、执法、组织协调与问责不能从数字任务暴露直接推断为替代。

